{"cameraMode":{"drawMode":0,"name":"Shaded","section":"Shading Mode"},"sceneLighting":true,"audioPlay":false,"sceneViewState":{"showFog":true,"showMaterialUpdate":false,"showSkybox":true,"showFlares":true,"showImageEffects":true,"showParticleSystems":true},"in2DMode":false,"pivot":{"x":-2.6701807975769045,"y":-0.7410033941268921,"z":4.849931716918945},"rotation":{"x":-0.11995606869459152,"y":0.2652275562286377,"z":-0.03327573090791702,"w":-0.9561177492141724},"size":10.0,"orthographic":false}